# 一对多

需求: 查询所有用户信息及用户关联的帐户信息, 用户对帐户为1对多    
查询过程中如果用户没有帐户信息, 此时也要将用户信息查询出来, 此场景适合使用左连接  

```sql
mysql> select * from user;
+----+--------------+---------------------+------+-----------------+
| id | username     | birthday            | sex  | address         |
+----+--------------+---------------------+------+-----------------+
| 41 | 老王         | 2018-02-27 17:47:08 | 男   | 北京            |
| 42 | 小二王       | 2018-03-02 15:09:37 | 女   | 北京金燕龙      |
| 43 | 小二王       | 2018-03-04 11:34:34 | 女   | 北京金燕龙      |
| 45 | 大刘         | 2018-03-04 12:04:06 | 男   | 北京金燕龙      |
| 46 | 老王         | 2018-03-07 17:37:26 | 男   | 北京            |
| 48 | 小马宝莉     | 2018-03-08 11:44:00 | 女   | 北京修正        |
+----+--------------+---------------------+------+-----------------+
6 rows in set (0.00 sec)

mysql> select * from account;
+----+------+-------+
| ID | UID  | MONEY |
+----+------+-------+
|  1 |   46 |  1000 |
|  2 |   45 |  1000 |
|  3 |   46 |  2000 |
+----+------+-------+
3 rows in set (0.00 sec)

#下面查询所有用户及用户对应的Account
mysql> SELECT u.*, acc.id aid, acc.uid, acc.money from user u LEFT JOIN account acc ON u.id = acc.uid;
+----+--------------+---------------------+------+-----------------+------+------+-------+
| id | username     | birthday            | sex  | address         | aid  | uid  | money |
+----+--------------+---------------------+------+-----------------+------+------+-------+
| 46 | 老王         | 2018-03-07 17:37:26 | 男   | 北京            |    1 |   46 |  1000 |
| 45 | 大刘         | 2018-03-04 12:04:06 | 男   | 北京金燕龙      |    2 |   45 |  1000 |
| 46 | 老王         | 2018-03-07 17:37:26 | 男   | 北京            |    3 |   46 |  2000 |
| 41 | 老王         | 2018-02-27 17:47:08 | 男   | 北京            | NULL | NULL |  NULL |
| 42 | 小二王       | 2018-03-02 15:09:37 | 女   | 北京金燕龙      | NULL | NULL |  NULL |
| 43 | 小二王       | 2018-03-04 11:34:34 | 女   | 北京金燕龙      | NULL | NULL |  NULL |
| 48 | 小马宝莉     | 2018-03-08 11:44:00 | 女   | 北京修正        | NULL | NULL |  NULL |
+----+--------------+---------------------+------+-----------------+------+------+-------+
7 rows in set (0.00 sec)

mysql> select user.*, account.id account_id, account.uid, account.money from user left join account on user.id = account.uid;
+----+--------------+---------------------+------+-----------------+------------+------+-------+
| id | username     | birthday            | sex  | address         | account_id | uid  | money |
+----+--------------+---------------------+------+-----------------+------------+------+-------+
| 46 | 老王         | 2018-03-07 17:37:26 | 男   | 北京            |          1 |   46 |  1000 |
| 45 | 大刘         | 2018-03-04 12:04:06 | 男   | 北京金燕龙      |          2 |   45 |  1000 |
| 46 | 老王         | 2018-03-07 17:37:26 | 男   | 北京            |          3 |   46 |  2000 |
| 41 | 老王         | 2018-02-27 17:47:08 | 男   | 北京            |       NULL | NULL |  NULL |
| 42 | 小二王       | 2018-03-02 15:09:37 | 女   | 北京金燕龙      |       NULL | NULL |  NULL |
| 43 | 小二王       | 2018-03-04 11:34:34 | 女   | 北京金燕龙      |       NULL | NULL |  NULL |
| 48 | 小马宝莉     | 2018-03-08 11:44:00 | 女   | 北京修正        |       NULL | NULL |  NULL |
+----+--------------+---------------------+------+-----------------+------------+------+-------+
7 rows in set (0.00 sec)

mysql> select * from user u left outer join account a on u.id = a.uid;
+----+--------------+---------------------+------+-----------------+------+------+-------+
| id | username     | birthday            | sex  | address         | ID   | UID  | MONEY |
+----+--------------+---------------------+------+-----------------+------+------+-------+
| 46 | 老王         | 2018-03-07 17:37:26 | 男   | 北京            |    1 |   46 |  1000 |
| 45 | 大刘         | 2018-03-04 12:04:06 | 男   | 北京金燕龙      |    2 |   45 |  1000 |
| 46 | 老王         | 2018-03-07 17:37:26 | 男   | 北京            |    3 |   46 |  2000 |
| 41 | 老王         | 2018-02-27 17:47:08 | 男   | 北京            | NULL | NULL |  NULL |
| 42 | 小二王       | 2018-03-02 15:09:37 | 女   | 北京金燕龙      | NULL | NULL |  NULL |
| 43 | 小二王       | 2018-03-04 11:34:34 | 女   | 北京金燕龙      | NULL | NULL |  NULL |
| 48 | 小马宝莉     | 2018-03-08 11:44:00 | 女   | 北京修正        | NULL | NULL |  NULL |
+----+--------------+---------------------+------+-----------------+------+------+-------+
7 rows in set (0.00 sec)

mysql> select user.*, account.id aid, account.uid, account.money from user left join account on user.id = account.uid;
+----+--------------+---------------------+------+-----------------+------+------+-------+
| id | username     | birthday            | sex  | address         | aid  | uid  | money |
+----+--------------+---------------------+------+-----------------+------+------+-------+
| 46 | 老王         | 2018-03-07 17:37:26 | 男   | 北京            |    1 |   46 |  1000 |
| 45 | 大刘         | 2018-03-04 12:04:06 | 男   | 北京金燕龙      |    2 |   45 |  1000 |
| 46 | 老王         | 2018-03-07 17:37:26 | 男   | 北京            |    3 |   46 |  2000 |
| 41 | 老王         | 2018-02-27 17:47:08 | 男   | 北京            | NULL | NULL |  NULL |
| 42 | 小二王       | 2018-03-02 15:09:37 | 女   | 北京金燕龙      | NULL | NULL |  NULL |
| 43 | 小二王       | 2018-03-04 11:34:34 | 女   | 北京金燕龙      | NULL | NULL |  NULL |
| 48 | 小马宝莉     | 2018-03-08 11:44:00 | 女   | 北京修正        | NULL | NULL |  NULL |
+----+--------------+---------------------+------+-----------------+------+------+-------+
```

### java实现  

**com.daliu.domain.User.java**

```java
package com.daliu.domain;

import java.io.Serializable;
import java.util.Date;
import java.util.List;

public class User implements Serializable {
    private Integer id;
    private String username;
    private String address;
    private Date birthday;
    private String sex;

    //一对多关系映射, 主表实体应该包含从表实体的集合引用
    private List<Account> accounts;

    // getters and setters ...
```

**com.daliu.domain.Account.java**  

```java
package com.daliu.domain;

import java.io.Serializable;

public class Account implements Serializable {
    private Integer id; //帐号id, 帐户表中的数据
    private Integer uid;//用户id, 用户表中的数据
    private Double money;//帐户余额, 帐户表中的数据

    //从表实体应该包含一个主表实体的对象引用
    private User user;

    // getters and setters
```

**com.daliu.dao.IUserDao.java**
```java
package com.daliu.dao;

import com.daliu.domain.User;
import java.util.List;

public interface IUserDao {
    /**
     * 查询所有用户, 同时查询用户下所有的帐户
     * @return
     */
    List<User> findAll();
    User findById(Integer userId);
}
```

**resources/com/daliu/dao/IUserDao.xml**  

```xml
<?xml version="1.0" encoding="UTF-8"?>
<!DOCTYPE mapper
        PUBLIC "-//mybatis.org//DTD Mapper 3.0//EN"
        "http://mybatis.org/dtd/mybatis-3-mapper.dtd">
<mapper namespace="com.daliu.dao.IUserDao">
    <!--定义User的resultMap-->
    <resultMap id="userAccountMap" type="com.daliu.domain.User">
        <id property="id" column="id"></id>
        <result property="username" column="username"></result>
        <result property="address" column="address"></result>
        <result property="birthday" column="birthday"></result>
        <result property="sex" column="sex"></result>
        <!--配置user对象中集合accounts的映射-->
        <!--ofType指定集合中的类型-->
        <collection property="accounts" ofType="com.daliu.domain.Account">
            <id property="id" column="uid"></id>
            <result property="uid" column="uid"></result>
            <result property="money" column="money"></result>
        </collection>
    </resultMap>

    <select id="findAll" resultMap="userAccountMap"> <!--resultType="com.daliu.domain.User"-->
        select user.*, account.id aid, account.uid, account.money from user left join account on user.id = account.uid;
    </select>
</mapper>
```

**测试**  
```java
@Test
public void testFindAllUser() {
    List<User> users = userDao.findAll();
    for (User user : users) {
        System.out.println(user);
        System.out.println(user.getAccounts());
    }
}
```  


